ISBN,Genre,Genre1,Genre2,Genre3
0195153448,Philosophy,History,Political Science,Political Science
0002005018,Literary Fiction,Historical Fiction,Canadian Literature,Canadian Literature
0060973129,Fiction,Historical Fiction,Science Fiction,Science Fiction
0374157065,Contemporary Fiction,Drama,Psychological Fiction,Psychological Fiction
0393045218,Historical Fiction,Adventure,Literary Fiction,Literary Fiction
0399135782,Thriller,Detective Fiction,Mystery,Mystery
0425176428,Romance,Mystery,Thriller,Thriller
0671870432,Science Fiction,Military Fiction,Adventure Fiction,Adventure Fiction
0679425608,Classic Literature,Psychological Fiction,Dystopian Fiction,Dystopian Fiction
074322678X,Non-Fiction,Biography & Autobiography,Business & Economics,Business & Economics
0771074670,Children's Literature,Fantasy Fiction,Adventure Fiction,Adventure Fiction
080652121X,Self-Help,Spirituality,Occult & Supernatural,Occult & Supernatural
0887841740,Literary Fiction,Contemporary Fiction,Philosophical Fiction,Philosophical Fiction
1552041778,Science Fiction ,Adventure,Military Fiction,Military Fiction
1558746218,Self-Help,Inspirational,Motivational,Motivational
1567407781,Self-Help,Personal Development,Psychology,Psychology
1575663937,Horror Fiction,Thriller,Supernatural Fiction,Supernatural Fiction
1881320189,Business & Economics,Entrepreneurship,Marketing & Sales,Marketing & Sales
0440234743,Young Adult Fiction,Historical Fiction,Adventure Fiction,Adventure Fiction
0452264464,Mystery & Thriller,Psychological Fiction,Contemporary Fiction,Contemporary Fiction
0609804618,Self-Help,Personal Growth,Spirituality,Spirituality
1841721522,Home Decorating,Interior Design,Architecture,Architecture
1879384493,Science Fiction,Fantasy,Adventure,Adventure
0061076031,Young Adult Fiction,Fantasy ,Coming of Age,Coming of Age
0439095026,Fantasy Fiction,Children's Literature,Adventure Fiction,Adventure Fiction
0689821166,Children's Literature,Adventure Fiction,Fantasy Fiction,Fantasy Fiction
0971880107,Young Adult Fiction,Fantasy ,Romance,Romance
0345402871,Science Fiction,Space Opera,Adventure,Adventure
0345417623,Science Fiction,Action and Adventure,Military Fiction,Military Fiction
0684823802,History,Military History,American Civil War,American Civil War
0375759778,Mystery,Suspense/Thriller,Crime Fiction,Crime Fiction
0425163091,Mystery,Crime Fiction,Thriller,Thriller
3404921038,,,,
3442353866,Thriller,Crime Fiction,Detective Mystery,Detective Mystery
3442410665,Mystery,Thriller,Crime,Crime
3442446937,Adventure Fiction,Historical Fiction,Romance Fiction,Romance Fiction
0375406328,Fiction,Historical Fiction,Political Fiction,Political Fiction
0446310786,Coming-of-Age Fiction,Southern Fiction,Classic Literature,Classic Literature
0449005615,Mystery ,Thriller ,Crime Fiction,Crime Fiction
0060168013,Mystery,Thriller,Suspense,Suspense
038078243X,Science Fiction ,Fantasy ,Adventure,Adventure
055321215X,Classics,Science Fiction,Adventure,Adventure
067176537X,Science Fiction,Adventure,Space Opera,Space Opera
0061099686,Mystery,Thriller,Crime Fiction,Crime Fiction
0553582909,Science Fiction,Space Opera,Military Science Fiction,Military Science Fiction
0671888587,Self-Help,Psychology,Personal Growth,Personal Growth
0553582747,Science Fiction,Adventure,Military Fiction,Military Fiction
0425182908,Mystery.,Crime Fiction.,Thriller.,Thriller.
042518630X,Science Fiction,Adventure,Military Fiction,Military Fiction
0440223571,Thriller,Mystery,Crime Fiction,Crime Fiction
0812523873,Science Fiction,Space Opera,Military Fiction,Military Fiction
0842342702,Christian Fiction ,Science Fiction ,Dystopian Fiction,Dystopian Fiction
0440225701,Adventure Fiction,Science Fiction,Post-Apocalyptic Fiction,Post-Apocalyptic Fiction
0060914068,Self-Help,Psychology,Personal Growth,Personal Growth
0156047624,Literary Fiction,Philosophical Fiction,Magical Realism,Magical Realism
0245542957,,,,
0380715899,Urban Fantasy,Paranormal Fiction,Horror Fiction,Horror Fiction
0553280333,Fantasy,Adventure,Young Adult,Young Adult
0961769947,Native American Studies,Spirituality,Personal Growth,Personal Growth
0964778319,Self-Help,Spirituality,Personal Growth,Personal Growth
0671623249,Science Fiction,Speculative Fiction,Adventure Fiction,Adventure Fiction
0679810307,Children's Fiction,Fantasy,Adventure,Adventure
0679865691,Children's Literature ,Adventure Fiction ,Fantasy Fiction,Fantasy Fiction
2070423204,Science Fiction,Utopian and Dystopian,Political Fiction,Political Fiction
0345260317,Science Fiction,Space Opera,Military Fiction,Military Fiction
0394743741,Science Fiction,Post-Apocalyptic Fiction,Dystopian Fiction,Dystopian Fiction
042511774X,Thriller,Mystery,Crime Fiction,Crime Fiction
0804106304,Non-fiction,Biography,History,History
1853262404,Adventure Fiction,Young Adult Fiction,Fantasy Fiction,Fantasy Fiction
0312970242,Crime Fiction,Thriller,Mystery,Mystery
1853260053,Gothic Fiction,Science Fiction,Horror,Horror
1414035004,Action & Adventure.,Romance.,Historical Fiction.,Historical Fiction.
0060938412,Historical Fiction,Biographical Fiction,Literary Fiction,Literary Fiction
0140067477,Science Fiction,Fantasy,Adventure,Adventure
0345465083,Science Fiction,Post-Apocalyptic Fiction,Dystopian Fiction,Dystopian Fiction
0451625889,Science Fiction,Political Fiction,Dystopian Fiction,Dystopian Fiction
1558531025,Children's Literature,Adventure Fiction,Historical Fiction,Historical Fiction
0441783589,Science Fiction,Adventure,Space Opera,Space Opera
0394895894,Children's Literature,Mystery ,Adventure,Adventure
1569871213,,,,
0375410538,Mystery,Thriller,Crime,Crime
0966986105,Health & Wellness,Child Development ,Parenting & Relationships,Parenting & Relationships
087113375X,Biographies & Memoirs,Historical Literature,Cultural History,Cultural History
0340767936,Women's Fiction,Coming of Age Fiction,Historical Fiction,Historical Fiction
0743403843,Technothriller,Science Fiction,Mystery,Mystery
0060930365,Contemporary Literature,Psychological Fiction,Coming-of-age Fiction,Coming-of-age Fiction
0060177586,Historical Fiction,Mystery,Psychological Thriller,Psychological Thriller
0071416331,Education,Mathematics,Test Preparation,Test Preparation
0375509038,Historical Fiction,Biographical Fiction,Literature & Fiction,Literature & Fiction
0553062042,,,,
0316769487,Coming-of-Age Fiction,Psychological Fiction,Classic Literature,Classic Literature
8445071408,Science Fiction,Adventure ,Fantasy,Fantasy
8445071769,Science Fiction,Adventure,Fantasy,Fantasy
8445071777,Fantasy,Adventure ,Epic Fiction,Epic Fiction
0679429220,Historical Fiction,War & Military,Adventure,Adventure
0671867156,Science Fiction ,Thriller,Adventure,Adventure
0312252617,Contemporary Fiction,Women's Fiction,Literary Fiction,Literary Fiction
0312261594,Literary Fiction,Coming of Age,LGBTQ+ Fiction,LGBTQ+ Fiction
0316748641,Coming-of-Age,Young Adult Fiction,Historical Fiction,Historical Fiction
0316973742,Science Fiction,Dystopian Fiction,Post-Apocalyptic Fiction,Post-Apocalyptic Fiction
0385235941,Spirituality ,Self-Help,Personal Growth,Personal Growth
0446677450,Literature & Fiction,Mystery & Thrillers,Historical Fiction,Historical Fiction
0451166892,Science Fiction,Horror,Suspense,Suspense
0553347594,Science Fiction ,Space Opera,Adventure,Adventure
0671621009,Science Fiction,Military Fiction,Adventure Fiction,Adventure Fiction
067976397X,Literature & Fiction ,History,Political Fiction,Political Fiction
0684822733,Literature & Fiction,American Classic Literature,Tragedy,Tragedy
0786868716,Biography,Business & Economics,American History,American History
8472238822,Drama,Historical Fiction,Literary Fiction,Literary Fiction
0671864769,Science Fiction,Space Opera,Adventure Fiction,Adventure Fiction
0671521519,Science Fiction,Adventure,Mystery,Mystery
0440222303,Science Fiction,Dystopian,Young Adult,Young Adult
0312953453,Mystery,Crime Fiction,Thriller,Thriller
0446608653,Mystery,Suspense,Thriller,Thriller
0446612545,Mystery,Thriller ,Fiction,Fiction
0446612618,Thriller,Mystery,Suspense,Suspense
0451208080,Mystery Fiction,Thriller,Legal Drama,Legal Drama
0553584383,Fantasy Fiction,Adventure Fiction,High Fantasy,High Fantasy
0671027360,Science Fiction,Adventure,Young Adult Fiction,Young Adult Fiction
0812575954,Fantasy,Science Fiction,Adventure,Adventure
0316735736,Mystery,Thriller,Suspense,Suspense
0743439740,Science Fiction,Adventure ,Action,Action
0345372700,Science Fiction,Mystery,Adventure,Adventure
0380619458,Horror,Science Fiction,Fantasy,Fantasy
0446325805,Historical Fiction,Romance,Southern Fiction,Southern Fiction
0451406923,Romance,Historical Fiction,Adventure,Adventure
0671042858,Women's Fiction,Contemporary Romance,Literary Fiction,Literary Fiction
0743249992,Historical Fiction,War Fiction,Literary Fiction,Literary Fiction
0840734530,Christian Literature,Self-help,Inspirational,Inspirational
0425184226,Thriller,Mystery,Crime Fiction,Crime Fiction
0375500766,Historical Fiction,Military Fiction,War & Military Action Fiction,War & Military Action Fiction
9724119378,,,,
0451205197,Fantasy Fiction,Science Fiction,Horror Fiction,Horror Fiction
0060929790,Romance,Literary Fiction,Women's Fiction,Women's Fiction
0060976845,Science Fiction,Fantasy,Speculative Fiction,Speculative Fiction
0061099325,Mystery,Thriller,Crime Fiction,Crime Fiction
0671004573,Science Fiction,Thriller,Suspense,Suspense
0446601640,Legal Thriller,Mystery ,Crime Fiction,Crime Fiction
0330484516,Romantic Fiction,Historical Fiction ,Cultural Fiction,Cultural Fiction
038572179X,Literary Fiction ,Historical Fiction ,Family Saga,Family Saga
0393020371,Historical Fiction,War & Military Fiction,Literary Fiction,Literary Fiction
1900850303,Contemporary Fiction,Magical Realism,Literature & Fiction,Literature & Fiction
1903019699,Cookbooks,Food & Wine,Biographies & Memoirs,Biographies & Memoirs
0345425294,Science Fiction,Adventure,Military Fiction,Military Fiction
0451410319,Mystery,Thriller,Suspense,Suspense
0553583468,Science Fiction,Dystopian Fiction,Adventure Fiction,Adventure Fiction
8420639133,Classic Literature,Romance,Historical Fiction,Historical Fiction
8476409419,Science Fiction,Adventure,Mystery,Mystery
0380778556,Romance,Historical Fiction,Women's Fiction,Women's Fiction
0451525221,Literature & Fiction ,Classic Literature ,Dystopian Fiction,Dystopian Fiction
0002740230,Historical Fiction,Mystery,Thriller,Thriller
0385336772,Mystery ,Thriller ,Psychological Fiction,Psychological Fiction
0440949424,Fantasy Fiction,Adventure,Young Adult,Young Adult
0505524996,Paranormal Romance,Urban Fantasy ,Fiction,Fiction
0140252800,Feminism,Biography,Social History,Social History
0451452755,Science Fiction,Fantasy,Adventure,Adventure
0812575482,Science Fiction,Space Opera,Military Fiction,Military Fiction
044651747X,Science Fiction,Time Travel Fiction,Adventure Fiction,Adventure Fiction
0060801263,Science Fiction,Dystopian Fiction,Post-Apocalyptic Fiction,Post-Apocalyptic Fiction
0061030147,Mystery,Thriller ,Crime Fiction,Crime Fiction
0140250964,Romantic Fiction,Contemporary Fiction,Historical Fiction,Historical Fiction
0446527165,Science Fiction,Thriller,Mystery,Mystery
0671461494,Science Fiction.,Space Opera.,Adventure.,Adventure.
0385337639,Science Fiction,Post-Apocalyptic Fiction,Mystery,Mystery
039575514X,Children's Literature ,Fantasy Fiction ,Adventure Fiction,Adventure Fiction
0451206673,Crime Fiction,Legal Thriller,Suspense,Suspense
0330332775,Crime Fiction,Psychological Thriller,Mystery,Mystery
0486284735,Classical Literature,Horror Fiction,Gothic Fiction,Gothic Fiction
0671021745,Adventure Fiction,Science Fiction,Action & Thriller,Action & Thriller
0671047612,Horror Fiction,Thriller,Suspense,Suspense
0671504282,Science Fiction,Space Opera,Adventure Fiction,Adventure Fiction
0399138684,Science Fiction,Cyberpunk,Dystopian,Dystopian
0785263292,Inspirational,Religion & Spirituality,Self-Help,Self-Help
0830714014,Christian Living,Spiritual Growth,Self Help,Self Help
0345354931,Science Fiction,Adventure ,Post-Apocalyptic,Post-Apocalyptic
0553278223,Science Fiction,Adventure Fiction,Military Fiction,Military Fiction
3150000335,Classic Literature,Gothic Fiction,Romantic Literature,Romantic Literature
3257203659,Historical Fiction,Mystery ,Adventure,Adventure
3257207522,Mystery,Crime Fiction,Psychological Thriller,Psychological Thriller
3257208626,Fiction.,Drama.,Mystery.,Mystery.
3257208634,Mystery ,Crime Fiction ,Thriller,Thriller
3257208669,Historical Fiction,Political Thriller,Espionage Fiction,Espionage Fiction
3257210450,Mystery.,Psychological Thriller.,Crime Fiction.,Crime Fiction.
3257212054,Mystery,Thriller,Adventure,Adventure
3257212429,Fiction,Mystery/Thriller,Crime,Crime
3257214154,Historical Fiction,War Literature,Psychological Fiction,Psychological Fiction
3257216416,Adventure Fiction,Contemporary Literature,Women's Fiction,Women's Fiction
3257233051,Biography,Non-fiction,Military History,Military History
342311360X,Science Fiction,Adventure,Dystopian,Dystopian
3423116714,Crime Thriller,Detective Fiction ,Mystery,Mystery
3423241489,,,,
3426605686,Science Fiction,Dystopian Fiction,Cyberpunk,Cyberpunk
3453212150,,,,
3462021095,Contemporary Fiction,Psychological Fiction,Period Drama,Period Drama
3492045642,,,,
3498020862,Contemporary Fiction,Speculative Fiction,Dystopian Fiction,Dystopian Fiction
3499110695,Science Fiction,Post-Apocalyptic,Dystopian,Dystopian
3499151502,Mystery,Crime Fiction,Thriller,Thriller
3518111000,History,Sociology,Political Science,Political Science
3548254268,Crime Fiction,Thriller,Mystery,Mystery
3570300099,Children's Fiction,Fantasy,Adventure,Adventure
3596292646,Science Fiction,Time Travel Fiction,Dystopian Fiction,Dystopian Fiction
0060977493,Science Fiction,Dystopian Fiction,Post-Apocalyptic Fiction,Post-Apocalyptic Fiction
0312872682,Science Fiction ,Time Travel ,Alternate History,Alternate History
0316602906,Mystery,Thriller,Legal Drama,Legal Drama
0316693006,Legal Thriller,Mystery,Crime Fiction,Crime Fiction
0345311396,High Fantasy,Adventure Fiction,Science Fiction,Science Fiction
0345378490,Science Fiction ,Adventure,Post-Apocalyptic,Post-Apocalyptic
0345404793,Science Fiction,Dystopian Fiction,Speculative Fiction,Speculative Fiction
0345433173,Crime Fiction,Mystery,Psychological Thriller,Psychological Thriller
0375400117,Historical Fiction,Literary Fiction,Adventure Fiction,Adventure Fiction
0375705856,Historical Fiction ,Civil War ,Southern Fiction,Southern Fiction
0380717018,Science Fiction,Cyberpunk,Techno-thriller,Techno-thriller
0380718332,Science Fiction,Cyberpunk,Techno-thriller,Techno-thriller
0380754509,Fantasy Fiction,Science Fiction,Adventure Fiction,Adventure Fiction
038076654X,Romance,Fantasy ,Historical Fiction,Historical Fiction
0380807866,Fantasy Fiction,Adventure Fiction,Children's Literature,Children's Literature
0385316895,Psychological Fiction,Family Saga,Historical Fiction,Historical Fiction
0385497466,Autobiography,Military History,Political Science,Political Science
0385508042,Thriller,Mystery,Suspense,Suspense
0385509456,Mystery,Thriller,Suspense,Suspense
0385511612,Science Fiction ,Thriller ,Adventure,Adventure
0385730586,Young Adult Fiction,Fantasy,Adventure,Adventure
0425164403,Science Fiction,Adventure,Suspense,Suspense
0440234964,Adventure Fiction,Historical Fiction,Thriller,Thriller
0446605484,Thriller,Mystery,Suspense,Suspense
0446610399,Thriller,Mystery,Crime Fiction,Crime Fiction
0449006522,Fiction ,Adventure ,Science Fiction,Science Fiction
0449911004,Literary Fiction,Historical Fiction,War & Military Fiction,War & Military Fiction
0451162072,Horror Fiction,Psychological Thriller,Supernatural Fiction,Supernatural Fiction
0451186648,Horror Fiction,Gothic Fiction,Suspense,Suspense
0452282152,Contemporary Fiction,Romantic Fiction,Women's Fiction,Women's Fiction
051513290X,Mystery,Thriller,Crime Fiction,Crime Fiction
0553580388,Fantasy Fiction,Science Fiction,Adventure Fiction,Adventure Fiction
0590598848,Children's Literature,Fantasy Fiction,Mystery and Detective Stories,Mystery and Detective Stories
0590629719,Children's Fiction,Horror,Mystery,Mystery
0671023616,Suspense/Thriller,Mystery,Crime Fiction,Crime Fiction
0671027387,Fantasy Fiction,Vampire Fiction,Horror Fiction,Horror Fiction
0684848783,Military History,Biographies & Memoirs,U.S. Civil War History,U.S. Civil War History
0743486226,Science Fiction,Space Opera,Adventure,Adventure
0786863986,Biography,Sports ,History,History
0803251718,Western Fiction,Historical Fiction,American Literature,American Literature
0804117934,Psychological Thriller,Crime Fiction,Mystery,Mystery
140003180X,Historical Fiction,Military Fiction,Adventure Fiction,Adventure Fiction
155874262X,Self-Help ,Inspirational,Non-Fiction,Non-Fiction
0060987103,Contemporary Fiction,Magical Realism,Fantasy Literature,Fantasy Literature
0151008116,Science Fiction,Fantasy,Adventure,Adventure
0375704965,Mystery,Psychological Thriller,Crime Fiction,Crime Fiction
0525947647,Crime Fiction,Mystery,Thriller,Thriller
0804111359,Mystery & Thriller,Crime Fiction,Detective Fiction,Detective Fiction
1558744150,Self-Help,Personal Growth,Non-fiction,Non-fiction
0435272683,Young Adult Fiction,Science Fiction,Adventure,Adventure
0316782505,Women's Fiction,Family Saga,Contemporary Fiction,Contemporary Fiction
006102063X,Fantasy Fiction,Adventure Fiction,Science Fiction,Science Fiction
0060013117,Science Fiction,Dystopian Fiction,Post-Apocalyptic Fiction,Post-Apocalyptic Fiction
0060199563,Science Fiction ,Speculative Fiction ,Cyberpunk,Cyberpunk
006052779X,Science Fiction,Dystopian Fiction,Young Adult Fiction,Young Adult Fiction
0060563079,Young Adult Fiction,Fantasy,Adventure,Adventure
0060809027,Mystery,Classic Literature,Psychological Thriller,Psychological Thriller
0061040967,Mystery,Thriller,Suspense,Suspense
0061050474,Science Fiction,Adventure,Space Opera,Space Opera
0061052515,Science Fiction,Adventure,Post-Apocalyptic,Post-Apocalyptic
0061052523,Science Fiction,Space Opera,Adventure Fiction,Adventure Fiction
0064472264,Young Adult Fiction,Fantasy,Adventure,Adventure
0140620664,Adventure Fiction,Historical Fiction,Seafaring Fiction,Seafaring Fiction
0312148267,Science Fiction,Dystopian Fiction,Historical Fiction,Historical Fiction
0312156960,Mystery ,Crime Fiction,Psychological Thriller,Psychological Thriller
0312890044,Science Fiction,Space Opera,Adventure,Adventure
034543191X,Science Fiction,Adventure,Post-Apocalyptic,Post-Apocalyptic
0373836023,Romance,Fiction,Contemporary,Contemporary
0375751513,Mystery,Crime Fiction,Thriller,Thriller
0375801677,Children's Fiction,Adventure Literature,Fantasy Fiction,Fantasy Fiction
0375814248,Children's Literature,Fantasy ,Adventure,Adventure
0375823352,Fantasy Fiction,Children's Literature,Adventure Fiction,Adventure Fiction
037582345X,Children's Literature,Fantasy Fiction,Adventure Fiction,Adventure Fiction
0375823468,Children's Literature ,Fantasy,Adventure,Adventure
0380730448,Mystery,Thriller,Crime Fiction,Crime Fiction
0380973839,Science Fiction,Thriller,Mystery,Mystery
0385327773,Children's Literature,Family & Relationships,Coming of Age,Coming of Age
0394586239,Historical Fiction,Military Fiction,War Literature,War Literature
0439510112,Children's Literature,Fantasy ,Adventure,Adventure
0440241413,Crime Fiction,Legal Thriller,Mystery,Mystery
0451409256,Mystery,Romantic Suspense,Crime Fiction,Crime Fiction
0451523415,Science Fiction,Dystopian Fiction,Political Fiction,Political Fiction
0451526279,Science Fiction,Dystopian Fiction,Political Fiction,Political Fiction
0451526341,Classics,Science Fiction,Dystopian,Dystopian
0486415864,Science Fiction,Adventure Fiction,Literature & Fiction,Literature & Fiction
0553280589,Science Fiction,Dystopian Fiction,Adventure Fiction,Adventure Fiction
0571197639,Science Fiction,Post-Apocalyptic Fiction,Dystopian Fiction,Dystopian Fiction
0670035262,Historical Fiction,War & Military ,Romance,Romance
0679423079,Biography & Autobiography,History,Holocaust Studies,Holocaust Studies
0679751343,Postmodern Literature,Gothic Fiction,Suspense Thriller,Suspense Thriller
0684833395,Historical Fiction,Literature and Fiction,Children's Literature,Children's Literature
0743245024,Autobiography,Political Science,History,History
0749748001,Children's Fiction,Fantasy,Adventure,Adventure
0749748028,Children's Literature,Fantasy,Adventure,Adventure
0963094424,Spirituality,Self-Help,Personal Transformation,Personal Transformation
1401201172,Superhero Fiction,Graphic Novels,Science Fiction,Science Fiction
1563892278,Graphic Novels,Fantasy,Superhero Fiction,Superhero Fiction
1563898586,Graphic Novels,Mystery,Science Fiction,Science Fiction
156971620X,Graphic Novels,Horror,Supernatural Fiction,Supernatural Fiction
1592571301,Parenting & Relationships,Family & Lifestyle,"Health, Fitness & Dieting","Health, Fitness & Dieting"
0374270325,Non-Fiction,Biography,Political Science,Political Science
0375719180,Contemporary Literature,Mystery & Thriller,Historical Fiction,Historical Fiction
0440235502,Science Fiction,Thriller,Adventure,Adventure
044023722X,Science Fiction,Space Opera,Cyberpunk,Cyberpunk
1573225487,Literary Fiction,Philosophical Fiction,Science Fiction,Science Fiction
1853260673,Classic Literature,Adventure Fiction,Philosophical Fiction,Philosophical Fiction
0060977477,Fantasy Fiction,Literary Fiction,Magical Realism,Magical Realism
0345391691,Science Fiction,Space Opera,Adventure,Adventure
0520011171,Sociology,History,Anthropology,Anthropology
0553278746,Science Fiction,Post-Apocalyptic Fiction,Dystopian Literature,Dystopian Literature
0670856045,Historical Fiction,Adventure,Literature & Fiction,Literature & Fiction
0872200760,Philosophy,Classical Studies,Political Theory,Political Theory
0937858994,,,,
0671649949,Science Fiction,Space Opera,Adventure,Adventure
0590431110,Children's Fiction,Adventure,Fantasy,Fantasy
0064470113,Young Adult Fiction,Coming-of-Age,Contemporary Fiction,Contemporary Fiction
0553571486,Science Fiction,Adventure,Thriller,Thriller
0972044205,Science Fiction,Action & Adventure,Military Fiction,Military Fiction
0312963009,Mystery,Thriller,Crime,Crime
0345430476,Science Fiction,Space Opera,Adventure,Adventure
0345435869,Science Fiction,Space Opera,Military Fiction,Military Fiction
0380728729,Mystery,Historical Fiction,Crime Thriller,Crime Thriller
038081840X,Women's Fiction,Contemporary Romance,Chick Lit,Chick Lit
0449912302,Historical Fiction,Military Fiction,War & Military Action Fiction,War & Military Action Fiction
055329198X,Fantasy,Adventure ,Young Adult,Young Adult
0671018930,Science Fiction,Adventure Fiction,Action Thriller,Action Thriller
0812541642,Fantasy Literature,Science Fiction ,Epic Fantasy,Epic Fantasy
0312988699,Legal Thriller,Crime Fiction,Mystery,Mystery
0486282112,Classic Literature,Romance ,Historical Fiction,Historical Fiction
8483007010,,,,
0670815373,Historical Fiction,War & Military,Adventure,Adventure
0385313748,Science Fiction,Post-Apocalyptic,Dystopian,Dystopian
1575843366,Children's Literature,Animal Fiction,Picture Books,Picture Books
0684193957,Legal Thriller,Mystery,Crime Fiction,Crime Fiction
0345371984,Science Fiction,Fantasy,Adventure,Adventure
0380730138,Science Fiction,Adventure,Mystery,Mystery
1573228737,Self-Help,Personal Development,Psychology,Psychology
9681500555,,,,
0380711109,Psychological Thriller ,Mystery,Crime Fiction,Crime Fiction
0452283914,Literature & Fiction,Psychological Fiction,Contemporary Fiction,Contemporary Fiction
0425120279,Mystery,Thriller,Crime Fiction,Crime Fiction
067153484X,Science Fiction,Adventure ,Space Opera,Space Opera
0380728273,Mystery,Suspense ,Crime Fiction,Crime Fiction
8433914545,Magical Realism,Romance,Literary Fiction,Literary Fiction
8484509141,Fantasy,Historical fiction,Romance,Romance
0446606197,Mystery,Thriller,Detective Fiction,Detective Fiction
0771076002,Science Fiction,Dystopian Fiction,Psychological Literature,Psychological Literature
0771088191,Historical Fiction,Mystery,Thriller,Thriller
1559703237,Biography & Autobiography,History,World War II,World War II
3596214629,Thriller,Mystery,Crime fiction,Crime fiction
0062770500,,,,
0671847546,Science Fiction,Adventure,Fantasy,Fantasy
0060188731,Fantasy Fiction.,Contemporary Fiction.,Literary Fiction.,Literary Fiction.
0140374248,Children's Literature ,Adventure Fiction,Historical Fiction,Historical Fiction
0142001740,Science Fiction,Dystopian Fiction,Post-Apocalyptic Fiction,Post-Apocalyptic Fiction
0195086295,Military History,World History,Political Science,Political Science
0312995423,Mystery,Thriller,Crime,Crime
0380704587,Adventure,Fantasy,Juvenile Fiction,Juvenile Fiction
0380815923,Fantasy Fiction,Juvenile Literature,Adventure Fiction,Adventure Fiction
0385416342,Science Fiction,Thriller,Mystery,Mystery
0385418493,Contemporary Fiction,Action & Adventure,Historical Fiction,Historical Fiction
038542471X,Mystery,Legal Thriller,Suspense,Suspense
0425098109,Mystery,Thriller,Crime,Crime
0449005410,Mystery & Detective Fiction,Crime Fiction,Legal Thriller Fiction,Legal Thriller Fiction
0449202631,Mystery,Thriller,Crime Fiction,Crime Fiction
0449207544,Mystery,Thriller,Suspense,Suspense
0515128554,Romance,Fantasy,Historical Fiction,Historical Fiction
0517577402,Non-fiction,Cooking,Health & Wellness,Health & Wellness
0590450875,Children's Fiction,Fantasy,Adventure,Adventure
0590481371,Children's Fantasy Fiction,Adventure Fiction,Mystery Fiction,Mystery Fiction
067103619X,Science Fiction,Adventure,Space Opera,Space Opera
0684177730,Mystery.,Adventure.,Historical Fiction.,Historical Fiction.
0684180200,Children's Literature,Adventure Fiction,Fantasy Fiction,Fantasy Fiction
0743411269,Science Fiction.,Fantasy.,Adventure.,Adventure.
0743470389,Science Fiction,Fantasy,Adventure,Adventure
076218857X,Travel Literature,Cultural History ,Memoir,Memoir
0767905938,Women's Biographies,Self-Help & Personal Development,Travel Writing,Travel Writing
0800706544,Religion,Spirituality,Inspirational Fiction,Inspirational Fiction
0801096677,Christian Living,Christian Theology,Religion & Spirituality,Religion & Spirituality
0849953014,Children's Literature,Christian Fiction,Inspirational Fiction,Inspirational Fiction
0891091963,Christian Literature,Religious Studies,Inspirational,Inspirational
0915811537,Self-Help,Personal Transformation,Spirituality,Spirituality
0927545373,Christian Books & Bibles,Spiritual Growth,Biographies and Autobiographies,Biographies and Autobiographies
1575024179,Photography,Art History,Travel,Travel
1880185008,Photography,Regional History,Travel,Travel
0140345809,Children's Literature,Adventure Fiction,Historical Fiction,Historical Fiction
0156528207,Magical Realism,Literary Fiction,Latin American Literature,Latin American Literature
0380012863,Science Fiction,Dystopian Fiction,Social Science Fiction,Social Science Fiction
0451154916,Science Fiction,Post-Apocalyptic Fiction,Dystopian Fiction,Dystopian Fiction
0785815147,Children's Literature ,Fantasy Fiction ,Adventure Fiction,Adventure Fiction
0875421288,New Age & Spirituality,Witchcraft & Wicca,Self-Help & Personal Growth,Self-Help & Personal Growth
1567184294,New Age & Spirituality,Magick Studies,Occult & Paranormal,Occult & Paranormal
156718796X,New Age & Spirituality,Occult & Paranormal,Spiritualism,Spiritualism
1862047626,Religious Studies,Spirituality,New Age & Spirituality,New Age & Spirituality
0020437501,Children's Literature,Adventure Fiction,Fantasy Fiction,Fantasy Fiction
0198320264,Drama,Historical Fiction,Literary Fiction,Literary Fiction
0373196989,Contemporary Romance,Inspirational Fiction,Women's Fiction,Women's Fiction
0373245580,Romance,Adult Contemporary,Literary Fiction,Literary Fiction
0451527747,Science Fiction,Dystopian Fiction,Social Criticism,Social Criticism
0671867113,Social Issues,Psychological Thriller,True Crime,True Crime
0812504208,Fantasy Fiction,Adventure Fiction,Epic Fiction,Epic Fiction
0060173289,Biographical Fiction,Historical Fiction,Literary Fiction,Literary Fiction
0060973897,Post-Apocalyptic Fiction,Science Fiction ,Dystopian Fiction,Dystopian Fiction
006101351X,Science Fiction,Dystopian Fiction,Post-Apocalyptic Fiction,Post-Apocalyptic Fiction
0140104682,Mystery,Crime Fiction,Detective Fiction,Detective Fiction
0312143370,Thriller,Espionage Fiction ,Mystery,Mystery
0316666343,Literary Fiction,Mystery,Psychological Fiction,Psychological Fiction
039456894X,Fantasy,Adventure,Children's Literature,Children's Literature
0440224675,Thriller,Suspense,Crime Fiction,Crime Fiction
0449002632,Mystery & Thriller,Romantic Suspense,Crime Fiction,Crime Fiction
0449213773,Historical Fiction ,War and Military Fiction ,Adventure Fiction,Adventure Fiction
0452279690,Women's Fiction,Psychological Fiction,Contemporary Fiction,Contemporary Fiction
0553569058,Science Fiction,Space Opera,Adventure,Adventure
0679427430,,,,
0679725393,Science Fiction,Post-Apocalyptic,Dystopian,Dystopian
0802114369,Historical Fiction,Literary Fiction,Drama,Drama
0803233019,Natural History,American Literature,Autobiography,Autobiography
0819154946,Philosophy,Mathematics,History,History
0897322339,Travel,Outdoor Exploration,Adventure,Adventure
0940322978,Classic Literature,Autobiographical Fiction,Psychological Fiction,Psychological Fiction
1573225126,Self-Help,Spirituality,Psychology,Psychology
1579651658,Home & Garden,"Cooking, Food & Wine",Travel,Travel
1878424319,Self-Help,Spirituality,Non-fiction,Non-fiction
8401351421,Romance,Thriller,Historical Fiction,Historical Fiction
8423324311,Science Fiction ,Adventure,Dystopian,Dystopian
8427007450,,,,
8429734996,,,,
8429736131,,,,
8440616252,,,,
8472224260,,,,
8472227421,,,,
8474103347,Science Fiction,Fantasy,Mystery,Mystery
8475960936,,,,
8477830029,Science Fiction,Adventure,Mystery,Mystery
8478091246,Fantasy Fiction,Adventure Fiction,Young Adult Fiction,Young Adult Fiction
8478097732,Travel,Nature,Adventure,Adventure
8478098267,Spirituality,Self-Help,Psychology,Psychology
8478800336,Crime Fiction,Mystery,Thriller,Thriller
8478884963,Fantasy Fiction,Young Adult Fiction,Adventure Fiction,Adventure Fiction
8483002523,,,,
8486433193,,,,
0600586898,Children's Literature,Adventure Fiction,Fantasy Fiction,Fantasy Fiction
1853260622,Classics,Gothic Fiction,Romantic Literature,Romantic Literature
1857938011,Travel Literature,Adventure Fiction,Historical Non-fiction,Historical Non-fiction
0060804157,Gothic Fiction,Horror Fiction,Science Fiction,Science Fiction
8466601090,,,,
0140382658,Adventure Fiction,Children's Literature,Action and Adventure,Action and Adventure
0152012966,Children's Fiction,Fantasy,Adventure,Adventure
0312283784,Contemporary Fiction,Women's Fiction ,Literary Fiction,Literary Fiction
0345297709,Science Fiction,Adventure Fiction,Space Opera,Space Opera
0345313097,Science Fiction,Fantasy,Adventure,Adventure
0345335465,Fantasy Fiction,Adventure Fiction,Epic Fiction,Epic Fiction
0345416848,Science Fiction,Fantasy,Adventure,Adventure
0385333404,Adventure Fiction,Historical Fiction,Maritime Fiction,Maritime Fiction
044021145X,Science Fiction,Thriller,Adventure,Adventure
0449212084,Mystery,Thriller,Crime Fiction,Crime Fiction
0553582682,Science Fiction,Fantasy,Adventure,Adventure
0590947257,Children's Fiction,Fantasy Fiction,Adventure Fiction,Adventure Fiction
074345829X,Science Fiction,Space Opera,Military Science Fiction,Military Science Fiction
0786913878,Fantasy Fiction.,Adventure Fiction.,Role-Playing Games (RPG).,Role-Playing Games (RPG).
0801491827,Social Science ,Anthropology ,Cultural Anthropology,Cultural Anthropology
0816729913,Children's Literature,Adventure Fiction,Fantasy Fiction,Fantasy Fiction
0843136685,Children's Literature,Interactive Adventure,Puzzle Fiction,Puzzle Fiction
0866119531,Children's Literature,Fantasy Fiction,Adventure Fiction,Adventure Fiction
0866119566,Children's Literature,Adventure Fiction,Classics,Classics
0870441663,Children's Literature,Animal Non-Fiction,Educational Learning,Educational Learning
1561561428,Children's Literature ,Educational ,Nature & Science.,Nature & Science.
0553210092,Science Fiction,Fantasy,Adventure,Adventure
0553258524,Science Fiction,Adventure Fiction,Thriller,Thriller
0688163726,Children's Literature,Fantasy Fiction,Adventure Fiction,Adventure Fiction
1569471096,Mystery,Crime Fiction,Police Procedural,Police Procedural
055358099X,Science Fiction,Military Fiction,Space Opera,Space Opera
0316168815,Crime Fiction ,Mystery ,Thriller,Thriller
014023828X,Historical Fiction,Adventure ,Mystery,Mystery
0316314927,Young Adult Fiction,Fantasy,Action & Adventure,Action & Adventure
0345424719,Science Fiction,Space Opera,Military Fiction,Military Fiction
0375414746,Fantasy Fiction,Magical Realism,Literature & Fiction,Literature & Fiction
0375726403,Historical Fiction,Literary Fiction,War & Military Fiction,War & Military Fiction
0385503857,Legal Thriller,Mystery,Crime Fiction,Crime Fiction
0425156842,Mystery ,Thriller ,Crime Fiction,Crime Fiction
0440226104,Thriller,Mystery,Suspense,Suspense
0452277337,Fiction,Historical Drama,LGBTQ+ Literature,LGBTQ+ Literature
0553802488,Science Fiction,Post-Apocalyptic Fiction,Dystopian Fiction,Dystopian Fiction
0671021001,Science Fiction,Adventure,Post-Apocalyptic,Post-Apocalyptic
0767903579,Biography & Autobiography,Adventure,Travel Literature,Travel Literature
0805063897,History,Military History,World War II History,World War II History
0679777431,Historical Fiction,Science Fiction,Dystopian Fiction,Dystopian Fiction
0553285343,Science Fiction,Adventure,Action,Action
0486285529,Literary Fiction,Classic Literature,Russian Literature,Russian Literature
0671002481,Science Fiction,Adventure,Space Opera,Space Opera
0812523385,Fantasy Fiction,Science Fiction,Adventure Fiction,Adventure Fiction
0895774666,Reference,Cooking ,Non-fiction,Non-fiction
0020199090,Science Fiction,Adventure,Mystery,Mystery
0385495145,Nonfiction,History,Military History,Military History
0679733825,Science Fiction,Dystopian Fiction,Literary Fiction,Literary Fiction
0842329129,Christian Fiction,Science Fiction,Post-Apocalyptic Fiction,Post-Apocalyptic Fiction
0345451260,Science Fiction,Space Opera,Military Fiction,Military Fiction
0740700235,Humor,Comics & Graphic Novels,Children's Books,Children's Books
0380973545,Science Fiction.,Horror.,Fantasy.,Fantasy.
0393321576,Historical Non-Fiction,Economics,Social Science,Social Science
0743424425,Science Fiction,Space Opera,Military Fiction,Military Fiction
0786868015,Business & Economics,Leadership & Management,Self-help / Personal Growth,Self-help / Personal Growth
0446610178,Crime Fiction,Thriller,Mystery,Mystery
0684854953,Self-Help,Personal Development,Psychology,Psychology
0743229878,Self-Help,Personal Development,Psychology,Psychology
0380617625,Mystery & Thriller,Historical Fiction,Crime Fiction,Crime Fiction
0380732335,Science Fiction,Adventure,Mystery,Mystery
0385337132,Contemporary Literature,Psychological Fiction,Domestic Fiction,Domestic Fiction
0440235057,Historical Fiction,War & Military,Adventure,Adventure
0445402040,Mystery,Fiction,Crime,Crime
0618119760,Fantasy Fiction,Adventure Fiction,Children's Literature,Children's Literature
0871138646,Biography & Autobiography,History,Social Science,Social Science
0026329859,,,,
0060621257,Philosophy,Spirituality ,Religion,Religion
0060915544,Self-Help,Psychology,Personal Development,Personal Development
0060917016,Science Fiction,Dystopian Fiction,Philosophical Fiction,Philosophical Fiction
0060925000,Science Fiction,Dystopian Fiction,Speculative Fiction,Speculative Fiction
0060932759,Historical Fiction,Jewish Literature,War & Military Fiction,War & Military Fiction
0061000280,Science Fiction.,Post-Apocalyptic Fiction.,Dystopian Fiction.,Dystopian Fiction.
0192815318,Classic Literature,Victorian Era Fiction,Romance,Romance
0312195516,Fantasy Fiction,Mystery Fiction,Adventure Fiction,Adventure Fiction
0380792664,Romantic Suspense ,Contemporary Romance ,Women's Fiction,Women's Fiction
0393048977,Fiction - Mythology,Children's Literature,Fantasy,Fantasy
0399137807,Mystery,Thriller,Crime Fiction,Crime Fiction
039914739X,Mystery,Thriller,Suspense,Suspense
0451203046,Crime Fiction,Thriller,Mystery,Mystery
0451410556,Mystery,Thriller,Crime Fiction,Crime Fiction
0451523318,Science Fiction,Political Fiction ,Dystopian Fiction,Dystopian Fiction
0486281965,Science Fiction,Classic Literature,Adventure,Adventure
0486292940,Science Fiction,Classic Literature,Dystopian Fiction,Dystopian Fiction
051762639X,Science Fiction,Fantasy,Adventure,Adventure
0684824442,Self-Help,Business & Economics,Leadership & Motivation,Leadership & Motivation
0743458303,Contemporary Fiction,Romance,Women's Fiction,Women's Fiction
081296666X,Biography,History,Military History,Military History
0819215635,Spirituality,Christian Studies,Religious Literature,Religious Literature
0880011025,Poetry,Literature & Fiction,Russian Literature,Russian Literature
1561011525,Spirituality,Christian Living,Self-Help,Self-Help
1877727083,Literature & Fiction,Asian Literature,Poetry,Poetry
0486206173,Literature & Fiction,Poetry,Epic Poetry,Epic Poetry
0312278586,Literature & Fiction,Contemporary Fiction,Women's Fiction,Women's Fiction
8845229041,Thriller,Mystery,Crime Fiction,Crime Fiction
887641486X,,,,
0140370900,Children's Literature,Fantasy Fiction,Adventure Fiction,Adventure Fiction
0674511255,Philosophy,Political Theory,Sociology,Sociology
0030096189,Mathematics ,Educational Textbook ,Science,Science
0312965745,Fantasy Fiction,Occult Fiction,Dark Fantasy Fiction,Dark Fantasy Fiction
0345374657,Science Fiction,Post-Apocalyptic Fiction,Dystopian Fiction,Dystopian Fiction
0395710901,Historical Fiction,Epic Adventure,War & Military,War & Military
080521061X,Biography & Autobiography.,Holocaust.,Jewish Studies.,Jewish Studies.
0823032612,Fine Arts,Drawing Techniques,Instructional & How-To,Instructional & How-To
0679310002,Fiction ,Historical Fiction,Contemporary Literature,Contemporary Literature
0312288115,Science Fiction ,Adventure ,Thriller,Thriller
0316171107,Fantasy Fiction,Young Adult Fiction ,Adventure Fiction,Adventure Fiction
0380710218,Science Fiction,Space Opera,Military Science Fiction,Military Science Fiction
0515118656,Mystery,Thriller ,Suspense,Suspense
0553289063,Science Fiction,Post-Apocalyptic Fiction,Dystopian Fiction,Dystopian Fiction
0671000306,Science Fiction,Dystopian Fiction,Adventure Fiction,Adventure Fiction
0671673688,Young Adult Fiction,Fantasy Fiction,Adventure Fiction,Adventure Fiction
1561672033,Inspirational & Personal Growth.,Spiritual & Religion.,Psychology & Self-Help.,Psychology & Self-Help.
0425178242,Romantic Suspense ,Crime Fiction,Mystery,Mystery
0618173870,Fantasy Fiction,Adventure Fiction,High Fantasy,High Fantasy
0156027321,Fantasy,Science Fiction,Dystopian,Dystopian
0375403582,Historical Fiction,War Military Fiction,Literary Fiction,Literary Fiction
0385721420,Crime Thriller,Mystery,Legal Drama,Legal Drama
0451202341,Mystery,Suspense,Thriller,Thriller
0743418190,Science Fiction,Thriller,Suspense,Suspense
0385335407,Mystery ,Fiction ,Magical Realism,Magical Realism
0965746828,Social Issues,Crime Fiction,Contemporary Fiction,Contemporary Fiction
0060923245,Historical Fiction,Women's Fiction,Literary Fiction,Literary Fiction
0486272664,Historical Fiction.,Classic Literature.,War & Military Fiction.,War & Military Fiction.
0786015276,Mystery & Thriller,Crime Fiction,Suspense,Suspense
0060913509,Science Fiction.,Post-Apocalyptic Fiction.,Dystopian Fiction.,Dystopian Fiction.
0553272837,Science Fiction,Adventure,Dystopian,Dystopian
0440225078,Historical Fiction,War Story,Adventure,Adventure
0312145543,Mystery ,Crime Fiction ,Thriller,Thriller
0425181111,Mystery & Thriller,Crime Fiction,Police Procedural,Police Procedural
0380732688,Romance ,Historical Fiction ,Adventure,Adventure
0140286276,Mystery,Crime Thriller,Psychological Fiction,Psychological Fiction
0373484100,Romance Fiction,Suspense Fiction,Crime Fiction,Crime Fiction
0449907481,Action & Adventure,Science Fiction,Thriller,Thriller
0553107305,Science Fiction,Adventure ,Fantasy,Fantasy
080213825X,Drama,Historical Fiction,Romance,Romance
0515127833,Crime Fiction,Thriller,Mystery,Mystery
0345441133,Science Fiction,Adventure,Space Opera,Space Opera
0515134279,Mystery,Thriller,Fantasy,Fantasy
0945586051,Romance Fiction,Historical Fiction,Women's Fiction,Women's Fiction
0385490992,Biography,Historical Nonfiction,Military History,Military History
0385424728,Mystery,Thriller,Crime Fiction,Crime Fiction
0312980388,Mystery,Thriller,Crime Fiction,Crime Fiction
0590419625,Children's Fiction,Fantasy,Adventure,Adventure
0385472951,Biographical Fiction,Historical Literature,African Literature,African Literature
0451195663,Horror Fiction,Supernatural Fiction,Psychological Fiction,Psychological Fiction
0425182878,Mystery,Thriller,Crime Fiction,Crime Fiction
0553564528,Science Fiction ,Space Opera,Military Fiction,Military Fiction
055356451X,Fantasy Fiction,Action and Adventure,Science Fiction,Science Fiction
0743412621,Science Fiction,Space Opera,Adventure Fiction,Adventure Fiction
0849943728,Christian Fiction,Women's Fiction,Historical Fiction,Historical Fiction
0849943450,Religion & Spirituality ,Christian Living ,Inspirational,Inspirational
084994371X,Christian Literature,Spiritual Growth,Inspirational Fiction,Inspirational Fiction
0590406019,Science Fiction,Dystopian Fiction,Adventure Fiction,Adventure Fiction
0020442408,Adventure Fiction,Survival Stories,Young Adult Literature,Young Adult Literature
0553225987,Science Fiction,Adventure,Post-Apocalyptic,Post-Apocalyptic
042517736X,Science Fiction ,Techno-thriller ,Cyberpunk,Cyberpunk
0671868713,Contemporary Fiction,Mystery and Thriller,Psychological Fiction,Psychological Fiction
038549825X,Crime Fiction,Mystery,Legal Thriller,Legal Thriller
0553202294,Classic Literature,Adventure Fiction,Youth Fiction,Youth Fiction
0345313860,Fiction,Science Fiction,Adventure,Adventure
0345369947,Science Fiction,Adventure,Military Fiction,Military Fiction
067170124X,Science Fiction,Adventure  ,Actions & Thrillers,Actions & Thrillers
0345353625,Science Fiction,Adventure,Space Opera,Space Opera
0308102282,,,,
006017143X,Science Fiction,Time Travel Fiction,Historical Fiction,Historical Fiction
0805056491,Historical Fiction,Biographical Fiction,Literary Fiction,Literary Fiction
0679401377,Historical Fiction,War & Military,Political Fiction,Political Fiction
1562827049,Children's Fiction ,Adventure Fiction ,Fantasy Fiction,Fantasy Fiction
0385306032,Young Adult Fiction,Fantasy ,Adventure,Adventure
0816152446,Mystery,Thriller,Crime Fiction,Crime Fiction
0821772953,Historical Romance,Adventure Fiction,Women's Fiction,Women's Fiction
0345379454,,,,
0553576925,Science Fiction,Adventure,Space Opera,Space Opera
0743206053,Biographical Literature,Business & Economics,Self-Help & Personal Development,Self-Help & Personal Development
0688169678,Children's Literature,Fantasy Fiction,Adventure Fiction,Adventure Fiction
0439319552,Fantasy Fiction,Children's Literature,Adventure Fiction,Adventure Fiction
0590870157,Children's Literature,Fantasy Fiction,Adventure Fiction,Adventure Fiction
0307001164,Children's Fiction,Adventure,Fantasy,Fantasy
0440441501,Science Fiction,Children's Literature,Adventure Fiction,Adventure Fiction
0590687301,Children's Fiction,Fantasy,Adventure,Adventure
0439061644,Fantasy,Young Adult Fiction,Adventure,Adventure
0439569842,Fantasy Fiction,Children's Literature,Adventure Fiction,Adventure Fiction
0307118703,,,,
0590418858,Children's Fiction,Fantasy,Adventure,Adventure
030720152X,Fantasy Fiction,Action and Adventure,Juvenile Fiction,Juvenile Fiction
0816728739,Children's Fiction,Fantasy ,Adventure,Adventure
0865050880,Children's Literature ,Historical Non-fiction,Cultural Studies,Cultural Studies
0812519655,Fantasy Fiction,High Fantasy,Adventure Fiction,Adventure Fiction
0812524853,Science Fiction,Post-Apocalyptic Fiction,Adventure Fiction,Adventure Fiction
0449211770,Mystery & Detective,Thrillers - Suspense,Crime Fiction,Crime Fiction
193072229X,Science Fiction,High Tech Thrillers,Cyberpunk,Cyberpunk
0812521129,Fantasy Fiction,Intrigue Fiction,Adventure Fiction,Adventure Fiction
0345251733,Science Fiction,Adventure,Space Opera,Space Opera
1400077826,Historical Fiction,War Fiction,Literature & Fiction,Literature & Fiction
0312995431,Crime Thriller,Mystery,Suspense/Intrigue,Suspense/Intrigue
0312312628,Mystery,Thriller,Crime Fiction,Crime Fiction
0446394521,Autobiography ,Motivational ,Sports Non-Fiction,Sports Non-Fiction
0590021117,Children's Fiction,Fantasy,Adventure,Adventure
068484267X,Fiction ,Legal Thriller ,Mystery,Mystery
0553578693,Science Fiction,Fantasy,Adventure,Adventure
0380709260,Fantasy Fiction,Young Adult Fiction,Magic Realism,Magic Realism
0807565288,Children's Fiction,Fantasy,Adventure,Adventure
0312986769,Mystery Thriller,Crime Fiction,Psychological Thriller,Psychological Thriller
0345413377,Science Fiction,Adventure,Space Opera,Space Opera
0345413369,Science Fiction,Action & Adventure,Military Fiction,Military Fiction
0679893105,Children's Literature,Fantasy Fiction ,Adventure Fiction,Adventure Fiction
0061096091,Crime Fiction,Mystery ,Thriller,Thriller
0345369068,Science Fiction,Post-Apocalyptic Fiction,Dystopian Fiction,Dystopian Fiction
0451184718,Science Fiction ,Horror ,Suspense-Thriller,Suspense-Thriller
0449209121,Horror Fiction,Gothic Fiction,Suspense,Suspense
0060938455,Contemporary Fiction,Environmental Fiction,Literary Fiction,Literary Fiction
080411952X,Mystery & Thriller,Crime Fiction,Suspense,Suspense
0060575808,Children's Literature ,Fantasy Fiction ,Adventure Fiction,Adventure Fiction
0060558865,Science Fiction,Dystopian Fiction,Feminist Literature,Feminist Literature
0767912918,Personal Finance,Self-Help,Economics,Economics
0553298860,Fantasy Fiction ,Adventure Fiction ,Magic Realism Fiction,Magic Realism Fiction
0385335679,Mystery,Thriller,Suspense,Suspense
0440122090,Mystery,Thriller,Crime Fiction,Crime Fiction
0671525832,Science Fiction,Adventure,Fantasy,Fantasy
0553279572,Science Fiction,Adventure,Space Opera,Space Opera
0061009059,Mystery,Thriller,Crime Fiction,Crime Fiction
0060930187,Historical Fiction,War Fiction,Literary Fiction,Literary Fiction
0516076272,,,,
0679450432,Science Fiction,Adventure,Mystery,Mystery
0821775863,Romance,Historical Fiction,Adventure,Adventure
0821770209,Historical Romance,Women's Fiction,Historical Fiction,Historical Fiction
0670855758,Science Fiction,Historical Fiction,Adventure,Adventure
0553562819,Science Fiction,Space Opera,Military Science Fiction,Military Science Fiction
0446364193,Thriller,Mystery,Crime Fiction,Crime Fiction
0446519138,Science Fiction,Techno-thriller,Suspense,Suspense
0425179672,Science Fiction,Thriller,Adventure,Adventure
0061042943,Science Fiction,Fantasy,Adventure,Adventure
0399144463,Spy Thriller,Military Fiction,Action Adventure,Action Adventure
0965404560,Historical Fiction,Alternate History,Military History,Military History
006015781X,Biographical Fiction,Historical Fiction,Literary Fiction,Literary Fiction
0060930705,Historical Fiction,Legal Thriller,Mystery,Mystery
0312206763,Magic Realism,Literary Fiction,Historical Fiction,Historical Fiction
0316116025,Mystery,Thriller,Crime Fiction,Crime Fiction
0156013967,Children's Literature,Fantasy,Adventure,Adventure
0385314019,Contemporary Fiction ,Women's Literature & Fiction,Romance Novel,Romance Novel
0743444167,Science Fiction,Thriller,Mystery,Mystery
0618231617,Fantasy Fiction,Young Adult Fiction,Adventure Fiction,Adventure Fiction
1567920047,Biographies & Memoirs,Military History,World War II History,World War II History
0811203220,Poetry,American Literature,Modernist Literature,Modernist Literature
1573229148,Contemporary Fiction,Inspirational Literature,Spirituality,Spirituality
0787955671,Business Management ,Organizational Behavior,Leadership,Leadership
0425174484,Science Fiction,Thriller,Mystery,Mystery
0385496907,Literary Fiction,Historical Fiction,War & Military Fiction,War & Military Fiction
0446523992,Thriller,Mystery,Suspense,Suspense
0140185216,Modernist Literature,Psychological Fiction,Autobiographical Fiction,Autobiographical Fiction
0684717255,Science Fiction.,Philosophy.,Sociology.,Sociology.
0486272745,Science Fiction,Fantasy Literature,Adventure,Adventure
8807120194,,,,
0062507249,Spirituality ,Personal Development ,Self-Help,Self-Help
0684801221,Historical Fiction,Adventure ,War & Military,War & Military
1576737357,Christian Literature ,Self-Help ,Inspirational Non-Fiction,Inspirational Non-Fiction
0060083298,Mystery.,Crime Fiction.,Psychological Thriller.,Psychological Thriller.
0446672211,Crime Fiction,Legal Thriller,Mystery,Mystery
0140293248,Historical Fiction,Romance,Antebellum South,Antebellum South
0807070718,Spirituality,Psychology,Self-Help,Self-Help
0743213831,Mystery,Thriller,Psychological Fiction,Psychological Fiction
0345305477,Science Fiction,Adventure,Space Opera,Space Opera
0061080519,Romance,Fantasy ,Historical Fiction,Historical Fiction
0142000205,Magical Realism,Literary Fiction,Fantasy,Fantasy
0316735027,Mystery,Thriller,Crime Fiction,Crime Fiction
193156146X,Science Fiction,Dystopian Fiction ,Cyberpunk,Cyberpunk
015600710X,Contemporary Fiction,Women's Fiction,Literary Fiction,Literary Fiction
0062517856,Science Fiction,Philosophy,Popular Psychology,Popular Psychology
0679767789,Biography,Historical Non-fiction,Social Science,Social Science
0449911683,Historical Fiction,Mystery,Crime Fiction,Crime Fiction
0425169626,Mystery,Thriller,Detective Fiction,Detective Fiction
0449207757,Fantasy Fiction,Horror Fiction,Gothic Fiction,Gothic Fiction
0449245691,Science Fiction,Adventure,Post-Apocalyptic,Post-Apocalyptic
0140029400,Historical Fiction,War & Military Fiction,Literature & Fiction,Literature & Fiction
0140021566,Mystery,Thriller,Crime Fiction,Crime Fiction
2253004022,Classic Literature,Adventure,Historical Fiction,Historical Fiction
2253005274,Crime Fiction,Mystery,Thriller,Thriller
225300670X,Historical Fiction,War & Military,European Literature,European Literature
2266084372,Science Fiction,Adventure,Thriller,Thriller
2070362388,Science Fiction,Philosophical Fiction,Dystopian Fiction,Dystopian Fiction
2266029460,Drama,Historical Fiction,Mystery,Mystery
2253007102,Classic Literature,Historical Fiction,French Literature,French Literature
2070417743,Crime Fiction,Mystery,Thriller,Thriller
2266033689,Adventure Fiction,Historical Fiction,Nautical Fiction,Nautical Fiction
2070384349,French Literature,Psychological Fiction,Philosophical Fiction,Philosophical Fiction
207053880X,Science Fiction,Action and Adventure,Spy Thriller,Spy Thriller
2070334368,Literature & Fiction,Historical Fiction,French Literature,French Literature
2290314951,,,,
229000510X,,,,
3492207006,Psychological Fiction ,Coming of Age ,Feminist Literature,Feminist Literature
3499177757,Science Fiction,Post-Apocalyptic,Dystopian Novel,Dystopian Novel
3889774016,Travel Literature,Regional Culture,European History,European History
3502670005,,,,
0905762487,,,,
3499222604,Fantasy Fiction,Adventure Fiction,Young Adult Fiction,Young Adult Fiction
3746670055,,,,
0140620427,Fantasy Literature ,Classic Literature ,Adventure Fiction,Adventure Fiction
3596144434,Science Fiction,Non-English Literature,Adventure,Adventure
3442724686,Mystery,Thriller,Crime Fiction,Crime Fiction
0385504209,Mystery,Thriller,Conspiracy fiction,Conspiracy fiction
0446525502,Science Fiction,Thriller,Mystery,Mystery
0385500769,Crime Fiction ,Legal Thriller ,Mystery,Mystery
0399147012,Mystery Fiction,Suspense Fiction,Crime Fiction,Crime Fiction
0670892963,Historical Fiction,Romance,Adventure,Adventure
0688180639,Children's Literature,Fantasy Fiction,Adventure Fiction,Adventure Fiction
0316789089,Children's Literature,Fantasy Fiction,Adventure Fiction,Adventure Fiction
0451197275,Horror,Mystery ,Thriller,Thriller
0425184129,Science Fiction,Adventure,Military Fiction,Military Fiction
0151001006,Science Fiction,Post-Apocalyptic Fiction,Dystopian Fiction,Dystopian Fiction
0385505833,Crime Fiction,Legal Thriller,Mystery,Mystery
0679442790,Historical Fiction,Military Fiction,War & Military Action Fiction,War & Military Action Fiction
0525943862,Mystery.,Thriller.,Crime Fiction.,Crime Fiction.
0609605925,Adventure Fiction,Historical Fiction,Fantasy Fiction,Fantasy Fiction
0060191929,Science Fiction,Adventure,Action,Action
0743206045,Political Science,Biographies & Memoirs,U.S. History,U.S. History
0684864843,Historical Fiction,Biographical Fiction,War Literature,War Literature
0684867818,Autobiography,Inspirational Literature,Self-Help,Self-Help
0743406176,Science Fiction ,Twentieth Century Literature ,Political Fiction,Political Fiction
0380978539,Science Fiction,Thriller,Supernatural,Supernatural
0679603352,Science Fiction ,Space Opera ,Hard Science Fiction,Hard Science Fiction
0679410430,Historical Fiction,Literary Fiction,War Fiction,War Fiction
0446523569,Mystery,Thriller,Suspense,Suspense
0671042556,Fantasy,Children's Literature,Adventure,Adventure
0679450440,Historical Fiction,Military Fiction,War Novel,War Novel
0140107649,Biographies & Memoirs,History,Sociology,Sociology
0609606727,Contemporary Fiction,Travel Literature,Adventure Fiction,Adventure Fiction
0446527793,Science Fiction,Thriller,Mystery,Mystery
0446531332,Mystery,Thriller,Crime Fiction,Crime Fiction
1570717257,Non-Fiction,Self-Help,Personal Development,Personal Development
0060192631,Historical Fiction,Literary Fiction,Drama,Drama
0385420161,Adventure Fiction,Historical Fiction,Mystery,Mystery
0345339711,Fantasy Fiction,Adventure Fiction,Epic Fiction,Epic Fiction
052594463X,Thriller,Mystery,Crime Fiction,Crime Fiction
039304016X,Fiction,Historical Fiction,War & Military Fiction,War & Military Fiction
0399147128,Fiction,Legal Thriller,Crime,Crime
0670031046,Speculative Fiction,Environmental Fiction,Science Fiction,Science Fiction
0394574745,Literary Fiction,Historical Fiction,Cultural Heritage Fiction,Cultural Heritage Fiction
0316969443,Thriller,Crime Fiction ,Mystery,Mystery
0743230051,Memoir,Military History,Biographies & Autobiographies,Biographies & Autobiographies
0316693200,Mystery,Crime Fiction,Thriller,Thriller
0684868911,Fantasy Fiction ,Psychological Fiction ,Adventure Fiction,Adventure Fiction
0842336214,Christian Fiction,Historical Fiction,Adventure Fiction,Adventure Fiction
0399148582,Legal Thriller,Mystery ,Crime Fiction,Crime Fiction
0684864320,Historical Fiction,War Fiction,Military History,Military History
0525944834,Science Fiction,Thriller,Techno-thriller,Techno-thriller
0345428900,Science Fiction,Space Opera,Military Fiction,Military Fiction
0451176812,Mystery,Thriller,Crime Fiction,Crime Fiction
0671525794,Science Fiction,Space Opera,Adventure,Adventure
0718144538,Biography,Travel Literature,British History,British History
0446602086,Mystery ,Thriller ,Suspense,Suspense
0394551427,Historical Nonfiction,Military History,Biography,Biography
0064407667,Children's Fiction,Fantasy,Adventure,Adventure
0007100221,Fiction,Fantasy,Young Adult,Young Adult
2253148539,Historical Fiction,Romance,Literary Fiction,Literary Fiction
2253043974,Novel,Historical Fiction,Adventure,Adventure
2020315491,,,,
0747549923,Fantasy Fiction,Young Adult Fiction,Adventure Fiction,Adventure Fiction
0743462335,Science Fiction,Thriller,Mystery,Mystery
0140253580,Autobiographical Fiction,Historical Fiction,Indian Literature,Indian Literature
0947782141,Military History,Aviation,Nonfiction,Nonfiction
057120354X,Contemporary Fiction,Psychological Thriller,Literary Fiction,Literary Fiction
0349101779,Science Fiction,Post-Apocalyptic Fiction,Dystopian Fiction,Dystopian Fiction
0743222229,Crime Fiction,Mystery,Thriller,Thriller
185479549X,Science Fiction,Adventure,Space Opera,Space Opera
0140292918,Historical Fiction,Romance,Cultural Fiction,Cultural Fiction
1854795554,Humor ,Trivia ,Gift & Novelty,Gift & Novelty
1858813093,Children's Fiction,Fantasy Literature,Adventure Fiction,Adventure Fiction
2871290911,Fantasy,Adventure,Graphic Novels,Graphic Novels
0198604025,Reference,English Language and Linguistics,Dictionaries & Thesauruses,Dictionaries & Thesauruses
1842151053,Cookbooks,Recipe Collections,Regional & International Cuisine,Regional & International Cuisine
2253063339,Historical Fiction,French Literature,Drama,Drama
1860198597,Travel,History,Biography,Biography
0767908473,Autobiography,Travel Literature,Cultural Studies,Cultural Studies
1842040154,Photography,Travel,Nature,Nature
0140622063,Classic Literature,Historical Fiction,Drama,Drama
0571209521,Science Fiction,Dystopian Fiction,Political Fiction,Political Fiction
2264009306,Historical Fiction,Military History,War Literature,War Literature
1841952931,Contemporary Literature,Magical Realism,Psychological Fiction,Psychological Fiction
0890877564,Self-Help,Spirituality,Personal Growth,Personal Growth
1405200677,Fantasy Fiction,Adventure Fiction,Children's Literature,Children's Literature
0416196772,Fantasy Fiction,Children's Literature,Adventure Fiction,Adventure Fiction
0747538069,Fantasy Fiction,Children's Literature,Adventure,Adventure
0375501347,Historical Fiction,Literary Fiction,Biographical Fiction,Biographical Fiction
0060927240,Historical Fiction,Coming-of-Age Fiction,Family Saga Fiction,Family Saga Fiction
0316776963,Fiction,Coming-Of-Age,Historical,Historical
156341029X,LGBTQ+ Studies,Feminist Literature,Poetry,Poetry
0060934719,Science Fiction,Dystopian Fiction,Post-Apocalyptic Fiction,Post-Apocalyptic Fiction
1886383421,Self-Help,Personal Development,Motivational,Motivational
1888451084,Science Fiction & Fantasy,Cultural Heritage Fiction,Dystopian Fiction,Dystopian Fiction
0451450256,Science Fiction,Thriller,Mystery,Mystery
1555835953,LGBTQ+ Literature,Fiction,Young Adult,Young Adult
0395877563,Children's Literature,Adventure Fiction,Fantasy Fiction,Fantasy Fiction
0962893862,Self-Help,Personal Finance,Business & Economics,Business & Economics
1555834531,LGBT Literature ,Romantic Fiction ,Contemporary Literature,Contemporary Literature
0393318435,Historical Fiction,War & Military Fiction,Political Fiction,Political Fiction
0889740828,Sexuality Studies ,Feminist Theory,Social Science,Social Science
1563410443,LGBTQ Literature,Fiction,Women's Studies,Women's Studies
1563899388,Graphic Novels,Science Fiction,Superhero Comics,Superhero Comics
1563411148,LGBTQ+ Literature,Fiction,Women's Studies,Women's Studies
0553579681,Fantasy,Adventure,Science Fiction,Science Fiction
0553579673,Science Fiction,Adventure,Space Opera,Space Opera
0451181379,Horror ,Suspense ,Mystery,Mystery
0786889160,Biography,Autobiography,Show Business & Performing Arts,Show Business & Performing Arts
0345370740,Science Fiction ,Adventure ,Post-Apocalyptic,Post-Apocalyptic
0553574175,Science Fiction,Adventure,Space Opera,Space Opera
0553574167,Science Fiction,Dystopian,Adventure,Adventure
0553574159,Science Fiction,Dystopian Fiction,Post-Apocalyptic Fiction,Post-Apocalyptic Fiction
0312287240,Mystery,Thriller,Crime Fiction,Crime Fiction
0679801146,Children's Literature ,Fantasy ,Adventure,Adventure
0446300101,Horror Fiction,Supernatural Thriller ,Mystery Fiction,Mystery Fiction
0821750410,Historical Romance,Women's Fiction ,Adventure Fiction,Adventure Fiction
0425142485,Mystery,Thriller,Crime Fiction,Crime Fiction
0451456548,Science Fiction,Fantasy,Adventure,Adventure
0060006048,Contemporary Romance,Women's Fiction,Domestic Fiction,Domestic Fiction
0312906552,Science Fiction,Space Opera,Military Fiction,Military Fiction
0440117291,Mystery,Thriller,Fiction,Fiction
0425049981,Science Fiction,Space Opera,Adventure,Adventure
0374386676,Young Adult Fiction,Historical Fiction,LGBTQ+ Literature,LGBTQ+ Literature
0786886463,Leadership & Motivation,Management & Business,Self-Help & Personal Development,Self-Help & Personal Development
0345395379,Science Fiction,Fantasy,Adventure,Adventure
0380788497,Fantasy Fiction,Action & Adventure,Young Adult Fiction,Young Adult Fiction
0307215342,Children's Literature,Adventure Fiction,Fantasy Fiction,Fantasy Fiction
0374343381,Children's Literature,Fantasy Fiction,Adventure Fiction,Adventure Fiction
0345403339,Science Fiction ,Space Opera ,Military Fiction,Military Fiction
0440226694,Historical Fiction,Romance,Adventure,Adventure
0440219604,Mystery,Thriller,Suspense,Suspense
0767903285,Autobiography,Adventure Non-Fiction,Travel Literature,Travel Literature
0345429176,Science Fiction,Thriller,Mystery,Mystery
038529929X,Science Fiction,Adventure,Fantasy,Fantasy
1573229571,Self-help,Spiritual,Personal Development,Personal Development
0345418778,Science Fiction,Thriller,Adventure,Adventure
0517201658,Science Fiction,Utopian and Dystopian,Classic Literature,Classic Literature
0743211383,Contemporary Fiction,Psychological Fiction,Mystery & Thriller,Mystery & Thriller
039914370X,Mystery,Thriller,Crime Fiction,Crime Fiction
1884777805,Parenting & Relationships,Child Psychology,Family Health,Family Health
0312977905,Mystery,Thriller,Crime Fiction,Crime Fiction
0812521331,Fantasy Fiction,Science Fiction,Adventure Fiction,Adventure Fiction
0451205421,Crime Fiction,Mystery,Legal Thriller,Legal Thriller
0894342789,Education,Career Guides,Vocational Education,Vocational Education
0440218535,Science Fiction,Adventure,Speculative Fiction,Speculative Fiction
0449207595,Mystery,Suspense,Crime Fiction,Crime Fiction
8806142267,,,,
0670844594,Science Fiction,Adventure,Speculative Fiction,Speculative Fiction
039457513X,Historical Fiction,Military Fiction,Political Fiction,Political Fiction
0394559487,Historical Fiction,War & Military,Action & Adventure,Action & Adventure
0804001944,Fiction,Science Fiction,Post-apocalyptic Fiction,Post-apocalyptic Fiction
0590897985,Children's Literature,Fantasy Fiction,Adventure Fiction,Adventure Fiction
0689832877,Children's Literature,Science Fiction,Adventure,Adventure
0689829698,Children's Literature,Fantasy Fiction,Adventure Fiction,Adventure Fiction
0439042917,Children's Literature,Fantasy Fiction,Adventure Fiction,Adventure Fiction
0064409457,Juvenile Fiction,Fantasy,Adventure,Adventure
0064405052,Children's Literature,Adventure Fiction,Fantasy Fiction,Fantasy Fiction
043922165X,Children's Literature,Fantasy Fiction,Adventure Fiction,Adventure Fiction
0152162445,Children's Adventure Literature,Fantasy Fiction,Coming-of-Age Fiction,Coming-of-Age Fiction
0152162577,Fantasy Fiction,Children's Literature,Adventure Fiction,Adventure Fiction
015216250X,Children's Literature,Fantasy Fiction,Adventure Fiction,Adventure Fiction
1562477528,Children's Literature,Historical Fiction,Adventure Fiction,Adventure Fiction
0439221676,Fantasy ,Children's Literature ,Adventure,Adventure
0439221684,Children's Literature,Fantasy Fiction,Adventure Fiction,Adventure Fiction
0439221714,Fantasy Fiction,Young Adult Fiction,Adventure Fiction,Adventure Fiction
0439221706,Fantasy Fiction,Children's Literature,Adventure Fiction,Adventure Fiction
0439221730,Children's Literature,Fantasy Fiction,Adventure Fiction,Adventure Fiction
0440415993,Children's Fiction,Adventure,Survival Stories,Survival Stories
0895872102,Travel,Local History,Photography,Photography
068983585X,Children's Literature,Fantasy Fiction,Adventure Fiction,Adventure Fiction
0345391802,Science Fiction,Adventure,Thriller,Thriller
0440219078,Thriller,Science fiction,Mystery,Mystery
185424597X,Christian Spirituality,Inspirational,Religion & Faith,Religion & Faith
2080105434,Art History,European History,Biographies & Memoirs,Biographies & Memoirs
349913358X,Mystery,Thriller,Crime Fiction,Crime Fiction
3257201761,Literary Fiction,Historical Fiction,Psychological Fiction,Psychological Fiction
3404121686,Historical Fiction,Romance,Adventure,Adventure
3404118960,Contemporary Fiction,Thriller,Mystery,Mystery
0345356578,Science Fiction,Post-Apocalyptic Fiction,Action & Adventure Fiction,Action & Adventure Fiction
0345346971,Science Fiction,Dystopian Fiction,Political Fiction,Political Fiction
0753804700,Biography,History,Military History,Military History
0451155750,Fantasy Fiction,Horror Fiction,Supernatural Fiction,Supernatural Fiction
0786890436,Fantasy,Adventure,Young Adult Fiction,Young Adult Fiction
0415928087,Feminist Theory,Philanthropy & Charity,Social Sciences,Social Sciences
0521427150,Archaeology,Ancient History,European History,European History
0812923278,Self-Help,Motivational,Business & Money,Business & Money
0884111342,Mystery,Adventure,Historical Fiction,Historical Fiction
0345428544,Science Fiction,Fantasy,Adventure,Adventure
0671694049,Mystery.,Crime.,Thriller.,Thriller.
080901582X,History,Political Science,Biography,Biography
0449006557,Fantasy,Romance,Paranormal,Paranormal
0373250339,Romance,Contemporary Fiction,Women's Fiction,Women's Fiction
0380820447,Romance,fantasy,Women's Fiction,Women's Fiction
0385497679,Biography,History,Science & Technology,Science & Technology
0451454243,Science Fiction,Cyberpunk,Dystopian Fiction,Dystopian Fiction
0941423042,Science Fiction,Time Travel ,Adventure,Adventure
0373871562,Christian Fiction,Romance,Suspense,Suspense
0553101439,Science Fiction,Space Opera,Military Science Fiction,Military Science Fiction
0898151910,Children's Fiction,Fantasy,Adventure,Adventure
0835949362,Horror Fiction,Thriller,Urban Fantasy,Urban Fantasy
0880701102,Christian Literature,Inspirational Non-fiction,Self-help,Self-help
039914563X,Crime Fiction,Mystery,Thriller,Thriller
0312853238,Science Fiction,Alternative History,Dystopian Fiction,Dystopian Fiction
0688048730,Children's Fiction,Fantasy,Adventure,Adventure
0425161722,Mystery,Thriller,Legal Fiction,Legal Fiction
0385493800,Mystery,Thriller,Crime Fiction,Crime Fiction
0849916399,Self-Help,Christian Literature,Inspirational,Inspirational
1928791107,Science Fiction,Post-Apocalyptic,Dystopian,Dystopian
067175145X,Science Fiction,Adventure,Post-Apocalyptic,Post-Apocalyptic
0440211727,Science Fiction,Thriller,Adventure,Adventure
0877192820,Business & Money,Management & Leadership ,Strategic Business Planning,Strategic Business Planning
0380002450,Science Fiction,Dystopian Fiction,Post-Apocalyptic Fiction,Post-Apocalyptic Fiction
0793133955,Personal Finance,Investing,Economics,Economics
0394178017,Classic Literature,Psychological Fiction,Existentialism,Existentialism
0425134350,Mystery,Thriller,Crime Fiction,Crime Fiction
0385479689,Biographies & Memoirs,Political History,Law & Government,Law & Government
0380754851,Science Fiction,Adventure,Fantasy,Fantasy
0380538504,Science Fiction,Adventure,Time Travel,Time Travel
044661162X,Mystery,Thriller,Crime Fiction,Crime Fiction
0671742566,Science Fiction,Adventure,Space Opera,Space Opera
0515122408,Mystery,Thriller,Crime Fiction,Crime Fiction
0440222818,Historical Fiction,War & Military Fiction,Literary Fiction,Literary Fiction
0451204050,Mystery ,Crime Fiction ,Thriller,Thriller
038533334X,Historical Fiction,Literary Fiction,Epic Fiction,Epic Fiction
0449131548,Science Fiction ,Military Fiction ,Adventure Fiction,Adventure Fiction
0440120470,Science Fiction ,Adventure ,Action,Action
0451188209,Science Fiction,Thriller,Horror,Horror
0440130913,Military Science Fiction,Space Opera,Adventure Fiction,Adventure Fiction
0449001954,Science Fiction,Post-Apocalyptic Fiction,Dystopian Fiction,Dystopian Fiction
0345404777,Science Fiction,Adventure,Space Opera,Space Opera
0451185277,Horror Fiction,Thriller ,Supernatural Fiction,Supernatural Fiction
0440224829,Young Adult Fiction,Mystery and Suspense,Adventure Fiction,Adventure Fiction
0671779338,Science Fiction ,Adventure ,Space Opera,Space Opera
0515134368,Fiction,Romantic Suspense,Mystery,Mystery
0380759497,Fantasy,Romance,Paranormal,Paranormal
3442098424,Self-Help,Motivational,Personal Transformation,Personal Transformation
0394578791,Legal Fiction,Political Thriller,Mystery,Mystery
1558505377,Self-Help,Personal Finance,Business & Economics,Business & Economics
0373245696,Contemporary Romance,Women's Fiction,Domestic Fiction,Domestic Fiction
0743201078,Self-Help,Business & Economics,Personal Finance,Personal Finance
068983571X,Children's Literature,Fantasy,Adventure,Adventure
0553256785,Science Fiction,Adventure,Space Opera,Space Opera
0892967994,Mystery,Crime Fiction,Thriller,Thriller
0061064505,Children's Literature,Adventure Fiction,Horse Stories,Horse Stories
1551668785,Romance,Contemporary Fiction,Women's Fiction,Women's Fiction
0836230868,"Comic Books, Strips, etc.",Humor.,Graphic Novels.,Graphic Novels.
0381999866,,,,
0380817144,Fantasy Fiction,Adventure Fiction,Young Adult Fiction,Young Adult Fiction
0380752115,Fantasy Fiction,Romance,Adventure,Adventure
0553212583,Classic Literature,Adventure Fiction,Science Fiction,Science Fiction
0446364762,Thriller,Mystery,Adventure,Adventure
0425166619,Thriller,Mystery,Suspense,Suspense
061312975X,Children's Literature,Fantasy Fiction,Adventure Fiction,Adventure Fiction
0765341972,Science Fiction,Space Opera,Adventure Fiction,Adventure Fiction
0590514776,Children's Literature,Fantasy Fiction,Adventure Fiction,Adventure Fiction
0373037430,Romance ,Contemporary Fiction ,Women's Fiction,Women's Fiction
